Structured difficulty,Structured appropriateness,Structured learning level,Open-ended difficulty,Open-ended appropriateness,Open-ended learning level,Article difficulty,Article appropriateness,Article learning level,Output difficulty,Output appropriateness,Output learning level,Structured ranking,Open-ended ranking,Article ranking,Output ranking
2,3,3,3,4,4,3,4,4,2,3,3,,,,
3,2,3,3,3,3,3,3,3,3,3,3,3,2,1,4
3,3,4,2,3,3,1,4,2,2,2,2,3,2,4,1
2,3,4,3,4,4,2,4,4,3,3,4,4,1,2,3
3,4,3,3,4,4,2,2,2,3,3,3,3,4,1,2
2,3,4,3,4,4,3,3,3,2,3,4,3,4,1,2
3,3,3,3,3,3,3,3,3,2,3,3,3,2,1,4
3,3,2,3,4,4,3,2,2,2,2,2,2,1,3,4
2,3,3,2,3,3,2,3,3,2,3,3,4,3,1,2
2,3,3,3,3,3,4,3,2,3,3,3,4,2,1,3
3,3,3,3,3,3,4,1,1,2,2,3,4,4,1,3
3,3,2,3,2,2,2,2,2,2,2,2,2,4,3,1
1,3,3,3,4,4,3,2,2,3,3,3,3,2,1,4
4,2,2,3,3,3,3,2,,3,2,2,1,3,4,2
